,accuracy,f1_score,recall_score,precision_score
0,0.7965517241379311,0.7922535211267606,0.800711743772242,0.7839721254355401
1,0.8344827586206897,0.8291814946619217,0.803448275862069,0.8566176470588235
2,0.8172413793103448,0.8051470588235294,0.7849462365591398,0.8264150943396227
3,0.8137931034482758,0.8125,0.7878787878787878,0.8387096774193549
4,0.8155172413793104,0.8132635253054101,0.803448275862069,0.823321554770318
