,accuracy,f1_score,recall_score,precision_score
0,0.8655172413793103,0.882758620689655,0.9110320284697508,0.8561872909698997
1,0.8827586206896552,0.8843537414965987,0.896551724137931,0.87248322147651
2,0.9017241379310345,0.8976660682226212,0.8960573476702509,0.8992805755395683
3,0.9,0.9020270270270271,0.898989898989899,0.9050847457627119
4,0.8741379310344828,0.8743545611015491,0.8758620689655172,0.872852233676976
