,accuracy,f1_score,recall_score,precision_score
0,0.8362068965517241,0.6415094339622641,0.5985915492957746,0.6910569105691057
1,0.8327586206896552,0.6596491228070176,0.5911949685534591,0.746031746031746
2,0.8344827586206897,0.6546762589928059,0.6190476190476191,0.6946564885496184
3,0.8275862068965517,0.626865671641791,0.5833333333333334,0.6774193548387096
4,0.8379310344827586,0.6356589147286822,0.5655172413793104,0.7256637168141593
