,accuracy,f1_score,recall_score,precision_score
0,0.7862068965517242,0.4464285714285714,0.352112676056338,0.6097560975609756
1,0.7413793103448276,0.38524590163934425,0.29559748427672955,0.5529411764705883
2,0.7586206896551724,0.4166666666666667,0.3401360544217687,0.5376344086021505
3,0.7775862068965518,0.4317180616740088,0.3402777777777778,0.5903614457831325
4,0.7706896551724138,0.4291845493562232,0.3448275862068966,0.5681818181818182
